{
    "title": "Jardin de JavaScript",
    "langTitle": "Jardin de JavaScript en Español",
    "description": "A Guide to JavaScript's Quirks and Flaws.",
    "sections": [
        {
            "title": "Intro",
            "dir": "intro",
            "articles": [
                "authors",
                "contributors",
                "license"
            ]
        },
        {
            "title": "Objetos",
            "dir": "object",
            "articles": [
                "general",
                "prototype",
                "hasownproperty",
                "forinloop"
            ]
        },
        {
            "title": "Functions",
            "dir": "function",
            "articles": [
                "general",
                "this",
                "closures",
                "arguments",
                "constructors",
                "scopes"
            ]
        },
        {
            "title": "Arrays",
            "dir": "array",
            "articles": [
                "general",
                "constructor"
            ]
        },
        {
            "title": "Types",
            "dir": "types",
            "articles": [
                "equality",
                "typeof",
                "instanceof",
                "casting"
            ]
        },
        {
            "title": "Core",
            "dir": "core",
            "articles": [
                "eval",
                "undefined",
                "semicolon"
            ]
        },
        {
            "title": "Other",
            "dir": "other",
            "articles": [
                "timeouts"
            ]
        }
    ]
}
